1,"Verdi",1,
2,"Di Francesco",1,
3,"Gonzales",2,
4,"China",1,
5,"Parco",1,
6,"Granato",1,
7,"Ceresa",1,
8,"Berta",1,
9,"Scarcello",1,
10,"Popolizio",1,
11,"Platania",1,
12,"Ponticello",1,
13,"Moschetto",1,
14,"Catalanotto",1,
15,"Ghilarducci",1,
16,"Martini",1,
17,"Manginelli",1,
18,"Cioni",1,
19,"Costella",1,
20,"Di Cello",1,
21,"Cimaglia",1,
22,"Tantalo",1,
23,"Cimini",1,
24,"Di Placido",1,
25,"Terzo",1,
26,"Murabito",1,
27,"Iaquinto",1,
28,"Schifano",1,
29,"Borsari",1,
30,"Arciero",1,
31,"Franchi",1,
32,"Riccio",1,
33,"Cresta",1,
34,"Lavorgna",1,
35,"Lo Vecchio",1,
36,"Gennari",1,
37,"Caroselli",1,
38,"Ascolese",1,
39,"Mattia",1,
40,"Savio",1,
41,"Sica",1,
42,"Marcheschi",1,
43,"Corte",1,
44,"Scioscia",1,
45,"Cattani",1,
46,"Sperandeo",1,
47,"La Pietra",1,
48,"Pitrone",1,
49,"Di Tomaso",1,
50,"Aurilio",1,
51,"Asaro",1,
52,"Filardi",1,
53,"Tassi",1,
54,"Patane",1,
55,"Pino",1,
56,"Battiato",1,
57,"Nunno",1,
58,"Di Lello",1,
59,"Colosi",1,
60,"Cucco",1,
61,"Di Noto",1,
62,"Patti",1,
63,"Ruberto",1,
64,"Lasco",1,
65,"Bassi",1,
66,"Landini",1,
67,"Rampulla",1,
68,"Centrella",1,
69,"Giannini",1,
70,"Perretta",1,
71,"Michetti",1,
72,"Fantozzi",1,
73,"Salafia",1,
74,"Falzon",1,
75,"Rondon",1,
76,"Sardi",1,
77,"Farinacci",1,
78,"Garofano",1,
79,"Cristo",1,
80,"Carrieri",1,
81,"Galla",1,
82,"Tomasso",1,
83,"Oddi",1,
84,"Purpura",1,
85,"Crisci",1,
86,"Rocchio",1,
87,"Cherico",1,
88,"Constantini",1,
89,"Zicari",1,
90,"Dalpiaz",1,
91,"Mule",1,
92,"Nappa",1,
93,"Bonomo",1,
94,"Virginia",1,
95,"Barra",1,
96,"Lenzo",1,
97,"Pontrelli",1,
98,"Polcari",1,
99,"Castellini",1,
100,"Amoroso",1,
101,"Lipari",1,
102,"Feliciano",1,
103,"Scialdone",1,
104,"Fasciano",1,
105,"Loretta",1,
106,"Muraca",1,
107,"Maugeri",1,
108,"Riggio",1,
109,"Di Muzio",1,
110,"Vitiello",1,
112,"Marano",1,
113,"Siconolfi",1,
114,"Peirano",1,
115,"Menza",1,
116,"Guidone",1,
117,"Sarni",1,
118,"Zani",1,
119,"Frascella",1,
120,"De Rubeis",1,
121,"Rosetta",1,
122,"Piana",1,
123,"Camilli",1,
124,"Nazzaro",1,
125,"Marolda",1,
126,"Pezzuti",1,
127,"Ilacqua",1,
128,"Mannino",1,
129,"Pasquinelli",1,
130,"Incorvaia",1,
131,"Bordonaro",1,
132,"Mignone",1,
133,"Lieto",1,
134,"Panetta",1,
135,"Coscia",1,
136,"Ramaglia",1,
137,"Cambareri",1,
138,"Tinti",1,
139,"Spiteri",1,
140,"Cerminara",1,
141,"Paolino",1,
142,"Carpentieri",1,
143,"Petrucelli",1,
144,"Masin",1,
145,"Girardi",1,
146,"Catallo",1,
148,"Toti",1,
149,"Valla",1,
150,"Ranallo",1,
151,"Boschetti",1,
152,"Di Giulio",1,
153,"Favro",1,
154,"Tempesta",1,
155,"Moschella",1,
156,"Ciavarella",1,
157,"Colacino",1,
158,"Rosi",1,
159,"Nardelli",1,
160,"Micale",1,
161,"Schirra",1,
162,"Di Mino",1,
163,"Turiano",1,
164,"Azzopardi",1,
165,"Julio",1,
166,"Lombardozzi",1,
167,"Zucca",1,
168,"Ventrella",1,
169,"D'Ambrosio",1,
170,"Aversano",1,
171,"Canali",1,
172,"Laudicina",1,
173,"Di Stasio",1,
174,"Valenza",1,
175,"Senerchia",1,
176,"Chimera",1,
177,"De Paula",1,
178,"Arduino",1,
179,"De Vincenzo",1,
180,"Pinta",1,
181,"Arrighi",1,
182,"Furno",1,
183,"Giorlando",1,
184,"Grella",1,
185,"Dente",1,
186,"Mento",1,
187,"Sodaro",1,
188,"Orecchio",1,
189,"D'Amico",1,
190,"Delfin",1,
191,"Pecorella",1,
192,"De Sanctis",1,
193,"De Francisco",1,
194,"Acquaviva",1,
195,"Pagnotta",1,
196,"Mongelli",1,
197,"Finazzo",1,
198,"Brigandi",1,
199,"Baldelli",1,
200,"Brunelli",1,
201,"Tenore",1,
202,"Catenacci",1,
203,"Roberti",1,
204,"Marmo",1,
205,"Marinucci",1,
206,"Bellomo",1,
207,"Sansone",1,
208,"Bartolomeo",1,
209,"Furio",1,
210,"Benvenuti",1,
211,"Mongelluzzo",1,
212,"Borgese",1,
214,"Lo Zito",1,
215,"Cicalese",1,
216,"Farone",1,
217,"Zaccheo",1,
218,"Orlandini",1,
220,"Parente",1,
221,"Garritano",1,
222,"Rauseo",1,
223,"Zappa",1,
224,"Orsi",1,
225,"Iafrate",1,
226,"Nenno",1,
227,"Buonanno",1,
228,"Di Menna",1,
230,"Santini",1,
231,"Pico",1,
232,"La Macchia",1,
233,"Roso",1,
234,"Rusconi",1,
235,"Righetti",1,
236,"Marino",1,
237,"Lumetta",1,
238,"Di Cola",1,
239,"Ardito",1,
240,"Beatrice",1,
241,"Cassone",1,
242,"Ristaino",1,
243,"Verrilli",1,
244,"Bozzelli",1,
245,"Maietta",1,
246,"Rizzio",1,
247,"Rubin",1,
248,"Ficco",1,
249,"Mizzi",1,
250,"Nastasi",1,
251,"Simonette",1,
252,"Nolfi",1,
253,"Patruno",1,
254,"Corrado",1,
255,"Gandolfo",1,
256,"Subia",1,
257,"Guadagno",1,
258,"Grippi",1,
259,"Ferlazzo",1,
260,"Celia",1,
261,"Valle",1,
262,"Ressa",1,
263,"Radosta",1,
264,"Consolo",1,
265,"Caramanica",1,
266,"Proto",1,
267,"Barretta",1,
268,"Pompei",1,
269,"Agostinelli",1,
270,"Dura",1,
271,"Scorza",1,
272,"Grassi",1,
273,"Fulco",1,
274,"Coco",1,
275,"Danza",1,
276,"Chiavetta",1,
277,"Forte",1,
278,"Paoletta",1,
279,"Picerno",1,
280,"Altieri",1,
281,"Andreoli",1,
282,"Allegretti",1,
283,"Guglielmi",1,
284,"Bizzaro",1,
285,"Siani",1,
286,"Tomasi",1,
287,"Civitello",1,
288,"Ginnetti",1,
289,"Farruggio",1,
290,"Argo",1,
292,"Pasquarello",1,
293,"Servidio",1,
294,"Parella",1,
295,"Simonelli",1,
296,"Porpora",1,
297,"Ianniello",1,
298,"Pupillo",1,
299,"Di Pippo",1,
300,"Gervasi",1,
301,"Gilberti",1,
302,"Ongaro",1,
303,"Restaino",1,
304,"Fernán",2,
305,"Venegas",2,
306,"Gutiérrez",2,
307,"Reyes",2,
308,"Escribano",2,
309,"Tafalla",2,
310,"Leoz",2,
311,"Correa",2,
312,"Cabal",2,
313,"Prats",2,
314,"Arboleda",2,
315,"Tasis",2,
316,"Laguna",2,
317,"Ángel París",2,
318,"Franco",2,
319,"Alejandro Tasis",2,
320,"París",2,
322,"Carvallo",2,
323,"Cicerón",2,
326,"Secada",2,
327,"Zoido",2,
328,"Velázquez",2,
329,"Rouco",2,
330,"Freixa",2,
331,"José Barrueco",2,
333,"Alvarado",2,
334,"Fraga",2,
336,"Palau",2,
338,"Navarro",2,
339,"Pomar",2,
340,"José Gaos",2,
341,"Galán",2,
343,"Alemán",2,
344,"Maroto",2,
345,"Seco",2,
346,"Japón",2,
348,"Gayoso",2,
349,"Mariano",2,
351,"Miralles",2,
352,"Aguayo",2,
353,"Ros",2,
354,"San Martín",2,
355,"Pinto",2,
357,"Ángel Sainz",2,
358,"Mancebo",2,
359,"Sáenz",2,
360,"Magrina",2,
362,"Andrade",2,
363,"Ocampo",2,
364,"Saelices",2,
365,"Figueroa",2,
366,"Tenorio",2,
367,"Valerio",2,
368,"Ureña",2,
369,"Fernandino",2,
370,"Sánchez",2,
371,"Encarnación",2,
375,"Abasto",2,
376,"Tejedor",2,
377,"Martí",2,
378,"Mastache",2,
380,"Espina",2,
381,"Moya",2,
382,"Elvira",2,
385,"Mina",2,
387,"Moruga",2,
389,"Arnal",2,
391,"Lain",2,
394,"Céspedes",2,
395,"Graciani",2,
397,"Esteban Berrocal",2,
398,"Pareja",2,
399,"Capmany",2,
402,"Carballo",2,
404,"Villa",2,
405,"Montenegro",2,
407,"Sainz",2,
408,"Gisbert",2,
409,"Covarrubias",2,
410,"Atenas",2,
413,"Águila",2,
415,"Berrocal",2,
416,"Murillo",2,
417,"Yepes",2,
419,"Aparicio",2,
420,"Varela",2,
421,"Diego Casaus",2,
423,"Puig",2,
424,"Ferrant",2,
425,"David Encarnación",2,
427,"Luque",2,
433,"Andrés Carballo",2,
435,"Alcocer",2,
436,"Coronil",2,
437,"Rasgado",2,
438,"Rodríguez",2,
440,"Piñón",2,
442,"Curbelo",2,
446,"Dávalos",2,
448,"Cadaval",2,
449,"Berganza",2,
451,"Saavedra",2,
456,"Fonseca",2,
459,"Barrios",2,
460,"Santángel",2,
461,"Beldad",2,
462,"Cortés",2,
465,"Sáez",2,
467,"de la Cruz",2,
469,"Illescas",2,
470,"Manzanedo",2,
474,"José Carballal",2,
475,"Martínez",2,
492,"Andino",2,
494,"Molina",2,
495,"Hurtado",2,
498,"Villacrés",2,
500,"Alguacil",2,
501,"Gallo",2,
502,"Carita",2,
505,"Ruiz",2,
506,"Tamayo",2,
511,"Garrido",2,
512,"Semprún",2,
513,"Pousa",2,
517,"Abellán",2,
519,"Barrueco",2,
521,"García",2,
528,"Sebastián Nores",2,
529,"Sanz",2,
531,"Llacer",2,
548,"Sebastián Aparicio",2,
552,"Palacio",2,
554,"Tassis",2,
562,"Chicote",2,
563,"Pablo Villacrés",2,
566,"Fontirroig",2,
567,"González",2,
570,"Manzanares",2,
571,"Romero",2,
578,"Rubio",2,
580,"Cotilla",2,
586,"Gaos",2,
587,"Feijoo",2,
589,"Gilabert",2,
590,"Carballar",2,
593,"Arias",2,
594,"Morillo",2,
595,"Casaus",2,
604,"Espinar",2,
608,"Cambeiro",2,
611,"Arrabal",2,
612,"Xirau",2,
616,"Noboa",2,
620,"Leguizamo",2,
625,"Costa",2,
627,"Pliego",2,
631,"Montes",2,
633,"Alejandro Santángel",2,
635,"Alcabú",2,
640,"Sebastián Alcabú",2,
643,"de la Cavallería",2,
644,"Sarmiento",2,
649,"José Gallo",2,
651,"Bienvenida",2,
654,"Gaona",2,
660,"Pozo",2,
670,"Montreal",2,
674,"Heller",3,
675,"Schild",3,
676,"Rogge",3,
677,"Schwertner",3,
678,"Dahn",3,
679,"Freund",3,
680,"Mayrhofer",3,
681,"Outman",3,
682,"Kronthaler",3,
683,"Scherrer",3,
684,"Honigman",3,
685,"Meyr",3,
686,"Haussegger",3,
687,"Scheffler",3,
688,"Nebe",3,
689,"Auerswald",3,
690,"Christmann",3,
691,"Hammerl",3,
692,"Breslauer",3,
693,"Henlein",3,
694,"Kieber",3,
695,"Pröll",3,
696,"Winkler",3,
697,"Hecher",3,
698,"Suckow",3,
699,"Imhoff",3,
701,"Seelmann",3,
702,"Goldblum",3,
703,"Roehr",3,
704,"Heinrich",3,
705,"Rosenblatt",3,
706,"Weis",3,
707,"Schützenberger",3,
708,"Künneth",3,
709,"Schnitzer",3,
710,"Miete",3,
711,"Blankenburg",3,
712,"Scheerbart",3,
713,"Tilgner",3,
714,"Krausser",3,
715,"Geyer",3,
716,"Abetz",3,
717,"Strauch",3,
718,"Schirlitz",3,
719,"Wasser",3,
720,"Freudenberger",3,
721,"Buchtel",3,
722,"Teschner",3,
723,"Ehrenpreis",3,
724,"Rimensberger",3,
725,"Gerstenberg",3,
726,"Stahlecker",3,
727,"Kayserling",3,
728,"Goldenberg",3,
729,"Anschütz",3,
730,"Fellner",3,
731,"Schultze",3,
732,"Maier",3,
733,"Hecke",3,
734,"Springborn",3,
735,"Adelman",3,
736,"Oppolzer",3,
737,"Blacher",3,
738,"Holzer",3,
739,"Arendt",3,
740,"Lindenbaum",3,
741,"Boden",3,
742,"Uthman",3,
743,"Schickedanz",3,
744,"Moritz",3,
746,"Sehlman",3,
747,"Reimold",3,
748,"Lettmann",3,
749,"Weisz",3,
750,"Bethmann",3,
751,"Von Sydow",3,
752,"Wilpert",3,
753,"Von Braun",3,
754,"Breslau",3,
755,"Köler",3,
756,"Klopp",3,
757,"Weizenbaum",3,
758,"Tischendorf",3,
759,"Arnoldi",3,
760,"Schnorr",3,
761,"Löffler",3,
762,"Moser",3,
763,"Arneth",3,
764,"Sackler",3,
765,"Dünhaupt",3,
766,"Stelzner",3,
767,"Distel",3,
768,"Altmann",3,
769,"Eisenstadt",3,
770,"Tugendhat",3,
771,"Germann",3,
772,"Hattendorf",3,
773,"Ehman",3,
774,"Finkel",3,
775,"Reuter",3,
776,"Weitz",3,
777,"Fünten",3,
778,"Ross",3,
779,"Pfennig",3,
780,"Rehn",3,
781,"Scheiner",3,
782,"Becker",3,
783,"Quattlebaum",3,
784,"Hertrich",3,
785,"Engelhardt",3,
786,"Hinrichs",3,
787,"Hertner",3,
788,"Treich",3,
789,"Wilhelm",3,
790,"Ochsner",3,
791,"Schaab",3,
792,"Waldstein",3,
793,"Kiesling",3,
794,"Münchberg",3,
795,"Kassebaum",3,
796,"Klügmann",3,
797,"Klostermann",3,
798,"Hopfner",3,
799,"Kuntz",3,
800,"Hencke",3,
801,"Drache",3,
803,"Riesz",3,
804,"Kirschbaum",3,
805,"Rodenberg",3,
806,"Simmel",3,
807,"Honigsmann",3,
808,"Baader",3,
809,"Dellinger",3,
810,"Brötzmann",3,
811,"Kranz",3,
812,"Wellmann",3,
813,"Weingaertner",3,
814,"Letzel",3,
815,"Buckler",3,
816,"Buchheim",3,
817,"Stockert",3,
818,"Quaschny",3,
819,"Lichtenstein",3,
820,"Kleiner",3,
821,"Pilcz",3,
823,"Brahm",3,
824,"Beitz",3,
825,"Heldt",3,
826,"Wentz",3,
827,"Rahner",3,
828,"Wirths",3,
829,"Franke",3,
830,"Voight",3,
831,"Schönlein",3,
832,"Heerwagen",3,
833,"Hämmerli",3,
834,"Müller",3,
835,"Strecker",3,
836,"Feyerabend",3,
837,"Hanselmann",3,
838,"Eisen",3,
839,"Gustloff",3,
840,"Weinberg",3,
841,"Landsberger",3,
842,"Gräbner",3,
843,"Steinhauer",3,
844,"Thomas",4,
845,"Gardner",4,
846,"Davies",4,
847,"Elliott",4,
848,"Cole",4,
849,"Rose",4,
850,"Woods",4,
851,"Lynn",4,
852,"Rush",4,
853,"Nieves",4,
864,"Hart",4,
865,"Nicholson",4,
866,"Barker",4,
868,"Clark",4,
869,"Horne",4,
870,"Sanford",4,
871,"Marsh",4,
872,"Santana",4,
873,"Mitchell",4,
874,"Gallagher",4,
875,"Hopkins",4,
876,"Palmer",4,
877,"Cox",4,
878,"Ward",4,
879,"Richardson",4,
880,"Sears",4,
881,"Waller",4,
882,"Luna",4,
883,"Sharpe",4,
884,"Lawrence",4,
885,"Newman",4,
886,"West",4,
887,"Brooks",4,
889,"Boyd",4,
891,"Grimes",4,
893,"Sullivan",4,
894,"Francis",4,
895,"Burton",4,
896,"Jones",4,
898,"Wood",4,
899,"Haley",4,
900,"Carr",4,
901,"Collins",4,
902,"Lindsey",4,
903,"Nielsen",4,
904,"Hayes",4,
905,"Smith",4,
906,"Holland",4,
909,"Fowler",4,
910,"Keller",4,
911,"Hardin",4,
912,"Baker",4,
913,"Key",4,
914,"Brown",4,
915,"Burke",4,
916,"Burns",4,
917,"Patel",4,
918,"Murray",4,
919,"Knox",4,
920,"Dennis",4,
921,"Benjamin",4,
922,"Joyce",4,
923,"Mack",4,
924,"Bennett",4,
925,"Willis",4,
926,"Carter",4,
927,"Doyle",4,
928,"Parry",4,
929,"Graham",4,
930,"Holden",4,
931,"Berg",4,
932,"Kline",4,
934,"Mcdonald",4,
936,"Hussain",4,
938,"Berry",4,
939,"Porter",4,
940,"Walter",4,
941,"Lester",4,
942,"Powers",4,
943,"Weber",4,
944,"Fisher",4,
946,"Reid",4,
948,"Lawson",4,
949,"Carrillo",4,
950,"Blake",4,
951,"Justice",4,
952,"Sawyer",4,
953,"Copeland",4,
954,"Butler",4,
955,"Young",4,
956,"Hunter",4,
957,"Chapman",4,
958,"Harper",4,
959,"Puckett",4,
960,"Mann",4,
961,"Rice",4,
962,"Bruce",4,
965,"George",4,
969,"Andrews",4,
970,"Carlson",4,
971,"Armstrong",4,
972,"James",4,
973,"Atkinson",4,
975,"Lowe",4,
976,"Poole",4,
977,"Parker",4,
979,"Dotson",4,
980,"Daugherty",4,
981,"Rodgers",4,
982,"Vincent",4,
983,"Callahan",4,
985,"John",4,
986,"Riley",4,
987,"Marshall",4,
988,"Stone",4,
989,"Wolfe",4,
990,"Bradford",4,
991,"Rojas",4,
992,"Meadows",4,
993,"Erickson",4,
995,"Henderson",4,
996,"Clarke",4,
997,"Saunders",4,
999,"Bartlett",4,
1001,"Harrell",4,
1002,"Adams",4,
1005,"Lane",4,
1008,"Cooke",4,
1009,"Haynes",4,
1010,"Mcfarland",4,
1012,"Rivas",4,
1013,"Riggs",4,
1015,"Hudson",4,
1016,"Robertson",4,
1019,"Zimmerman",4,
1020,"Robinson",4,
1021,"Bishop",4,
1022,"Marquez",4,
1023,"Green",4,
1024,"Hawkins",4,
1025,"Cooper",4,
1029,"Bridges",4,
1031,"Dillard",4,
1032,"Beasley",4,
1033,"Webb",4,
1034,"Edwards",4,
1038,"Williamson",4,
1039,"Mcdowell",4,
1040,"Simon",4,
1041,"Mclean",4,
1042,"Malone",4,
1043,"Shaw",4,
1045,"Rogers",4,
1046,"May",4,
1047,"Wright",4,
1048,"Chambers",4,
1049,"O'neil",4,
1050,"Hutchinson",4,
1051,"Roberts",4,
1052,"Lyons",4,
1053,"Logan",4,
1055,"Lloyd",4,
1057,"Bailey",4,
1059,"Lara",4,
1061,"Finch",4,
1062,"Freeman",4,
1063,"Mejia",4,
1066,"Day",4,
1068,"Stevens",4,
1070,"House",4,
1071,"Abbott",4,
1072,"Mccoy",4,
1073,"Travis",4,
1074,"Harrison",4,
1075,"Fraser",4,
1077,"Bell",4,
1078,"Griffiths",4,
1079,"Moran",4,
1080,"Hurley",4,
1081,"Burch",4,
1083,"Leon",4,
1084,"Beaugendre",5,
1085,"Héroux",5,
1086,"Cortot",5,
1087,"Rochefort",5,
1088,"Colbert",5,
1089,"Spanghero",5,
1090,"Hauet",5,
1091,"Moreau",5,
1092,"Dupuis",5,
1093,"Mazet",5,
1094,"Dubost",5,
1095,"Delcroix",5,
1096,"Mallet",5,
1097,"Geffroy",5,
1098,"De Villiers",5,
1099,"Lortie",5,
1100,"Rouanet",5,
1101,"Laurens",5,
1102,"Boutet",5,
1103,"Dufour",5,
1104,"Thiers",5,
1105,"Dupont",5,
1106,"Sardou",5,
1107,"Dutoit",5,
1109,"Philippon",5,
1110,"Fétique",5,
1112,"Chappuis",5,
1113,"Carrel",5,
1114,"Boulanger",5,
1115,"Caillat",5,
1116,"Chastain",5,
1117,"Lucy",5,
1118,"Serre",5,
1119,"Rodin",5,
1120,"Delannoy",5,
1121,"Pichard",5,
1122,"Maitre",5,
1123,"Gaudin",5,
1124,"Haillet",5,
1125,"Magnier",5,
1126,"Génin",5,
1127,"Poulin",5,
1128,"Bonhomme",5,
1129,"Beaumanoir",5,
1130,"Gainsbourg",5,
1131,"Hennequin",5,
1133,"Jaccoud",5,
1134,"Fouquet",5,
1135,"Darche",5,
1136,"Cailloux",5,
1137,"Pasteur",5,
1138,"Auguste",5,
1139,"Berengar",5,
1140,"Chevotet",5,
1141,"Verninac",5,
1142,"Vaugrenard",5,
1143,"Bissonnette",5,
1144,"Tourneur",5,
1145,"Cordonnier",5,
1146,"Granet",5,
1147,"Toutain",5,
1148,"Devereux",5,
1149,"Monteil",5,
1151,"Delafosse",5,
1152,"Boissieu",5,
1153,"Prudhomme",5,
1154,"Lièvremont",5,
1155,"Deslys",5,
1156,"Bélanger",5,
1157,"Girard",5,
1158,"Chausson",5,
1159,"Affré",5,
1160,"Bombelles",5,
1162,"Lazard",5,
1164,"Trémaux",5,
1165,"Lémery",5,
1166,"Clérisseau",5,
1167,"Michaux",5,
1168,"Gavreau",5,
1169,"Pleimelding",5,
1170,"Gaubert",5,
1171,"LeMahieu",5,
1172,"Noir",5,
1175,"Guillaume",5,
1176,"Matthieu",5,
1177,"Lavigne",5,
1178,"Dutertre",5,
1179,"Vallée",5,
1180,"Bethune",5,
1181,"Delon",5,
1182,"Piaget",5,
1183,"Bouhier",5,
1184,"Brugière",5,
1185,"Bernier",5,
1186,"Choquet",5,
1188,"Favre",5,
1189,"Benett",5,
1191,"Poullain",5,
1192,"Pernet",5,
1194,"Dieudonné",5,
1197,"Bureau",5,
1198,"Auclair",5,
1200,"Rousseau",5,
1201,"Demaret",5,
1202,"Plouffe",5,
1203,"Bruneau",5,
1204,"Gicquel",5,
1205,"Vérany",5,
1206,"Jacquard",5,
1207,"Ardouin",5,
1209,"Brousseau",5,
1210,"Veil",5,
1212,"Plantier",5,
1213,"Castex",5,
1214,"Battier",5,
1215,"Naudé",5,
1216,"Baillairgé",5,
1217,"Berger",5,
1219,"De Verley",5,
1220,"Abbadie",5,
1221,"Gachet",5,
1222,"Boisselot",5,
1223,"Marchand",5,
1224,"Chuquet",5,
1226,"Trouvé",5,
1227,"Cormier",5,
1228,"Pasquier",5,
1229,"Beaulne",5,
1231,"Alarie",5,
1232,"Barnier",5,
1236,"Gaume",5,
1238,"De Saint-Pierre",5,
1239,"Lavaud",5,
1241,"Larousse",5,
1242,"Bouchard",5,
1243,"Renou",5,
1244,"Celice",5,
1245,"Le Tonnelier",5,
1246,"Pinchon",5,
1247,"Aveline",5,
1248,"Renaudin",5,
1249,"Asselineau",5,
1251,"Sylvestre",5,
1252,"Breguet",5,
1254,"Delaplace",5,
1255,"Dimont",5,
1259,"Suchet",5,
1260,"Rouzet",5,
1261,"Courtial",5,
1262,"Robillard",5,
1264,"D'Amboise",5,
1265,"Rousselle",5,
1266,"Jaubert",5,
1267,"Chaney",5,
1268,"Boudon",5,
1269,"Auberjonois",5,
1270,"Vasseur",5,
1271,"Léger",5,
1272,"Jacquemin",5,
1274,"Pomeroy",5,
1277,"Jacquemoud",5,
1278,"Bullion",5,
1281,"Pelletier",5,
1282,"Gauthier",5,
1283,"Nicollier",5,
1284,"Lafaille",5,
1285,"Deniau",5,
1287,"De Guignes",5,
1288,"Leloup",5,
1289,"Bacque",5,
1291,"Bonnet",5,
1292,"Stuart",5,
1294,"Tomaselli",1,
1295,"D'Arrigo",1,
1296,"Lo Scalzo",1,
1297,"Cantalupo",1,
1298,"Comparato",1,
1299,"Megna",1,
1300,"La Piana",1,
1301,"Cambria",1,
1302,"De Gregorio",1,
1303,"De Paolo",1,
1304,"Musolino",1,
1305,"Scelfo",1,
1306,"D'Ambrosi",1,
1307,"De Angelis",1,
1308,"Soave",1,
1309,"Manfredo",1,
1310,"Tortorelli",1,
1311,"Di Cicco",1,
1312,"Mola",1,
1313,"Bracci",1,
1314,"De Chellis",1,
1315,"Buscaglia",1,
1316,"Scarpati",1,
1317,"Ragucci",1,
1318,"Masso",1,
1319,"Zuccarelli",1,
1320,"Crognale",1,
1321,"Latina",1,
1322,"Zane",1,
1323,"Di Nuzzo",1,
1324,"Perra",1,
1325,"Sulpizio",1,
1326,"Villella",1,
1327,"Mascola",1,
1328,"Cericola",1,
1329,"De Marchi",1,
1330,"Ciaburri",1,
1331,"Celestino",1,
1333,"Burdi",1,
1335,"Del Monaco",1,
1336,"Leotta",1,
1337,"Sabatino",1,
1338,"Perrone",1,
1339,"Senatore",1,
1340,"Scotti",1,
1341,"Bellezza",1,
1342,"Salmeri",1,
1343,"Mondi",1,
1344,"Pullo",1,
1346,"Fraioli",1,
1347,"Gattone",1,
1348,"La Bianca",1,
1349,"Franchini",1,
1350,"Giachetti",1,
1351,"Colasuonno",1,
1352,"Toma",1,
1353,"De Matteo",1,
1354,"Boscarino",1,
1355,"Bertola",1,
1356,"Bonino",1,
1357,"Ingrao",1,
1358,"Tenuta",1,
1359,"Guarnieri",1,
1360,"Buzzeo",1,
1361,"Vescovi",1,
1362,"Blanco",1,
1363,"Lippa",1,
1364,"Siano",1,
1365,"Stellato",1,
1366,"Schiavoni",1,
1367,"La Civita",1,
1369,"Di Meo",1,
1370,"Marcantonio",1,
1371,"Passarello",1,
1372,"Catucci",1,
1373,"Argento",1,
1374,"Ragone",1,
1375,"Camelio",1,
1376,"Panarese",1,
1377,"Roselli",1,
1378,"Seminara",1,
1379,"Murra",1,
1380,"Vero",1,
1381,"Calcagni",1,
1382,"Taddei",1,
1383,"Sedita",1,
1384,"Malfitano",1,
1385,"Rizzuto",1,
1387,"Melchiori",1,
1388,"Basilio",1,
1389,"Mazzaro",1,
1390,"Bagnasco",1,
1391,"Traverso",1,
1392,"Pennella",1,
1393,"Della Rocca",1,
1394,"Miele",1,
1395,"Di Cenzo",1,
1396,"Margiotta",1,
1397,"Ferretti",1,
1398,"Delle Donne",1,
1399,"Moccio",1,
1400,"Malzone",1,
1401,"Di Lillo",1,
1402,"Paladini",1,
1403,"Paniccia",1,
1404,"Bevilacqua",1,
1405,"Moccia",1,
1406,"Bocci",1,
1407,"Ditto",1,
1408,"Turri",1,
1409,"Barrasso",1,
1412,"Foresta",1,
1413,"Cappello",1,
1415,"Soyer",5,
1417,"Chappelle",5,
1418,"Cochet",5,
1419,"Genest",5,
1421,"Levasseur",5,
1422,"Trintignant",5,
1423,"Bouthillier",5,
1424,"Allemand",5,
1427,"Beaumont",5,
1428,"Loup",5,
1430,"LaRue",5,
1431,"Ancel",5,
1432,"Blanchard",5,
1433,"Gagnon",5,
1434,"Bachelet",5,
1435,"Halphen",5,
1436,"Guilbert",5,
1437,"Thibault",5,
1438,"Azaïs",5,
1439,"Beaulieu",5,
1440,"Mace",5,
1441,"Aubert",5,
1442,"Gérard",5,
1445,"Beauvais",5,
1446,"Genet",5,
1447,"Flandin",5,
1449,"Bardin",5,
1450,"Duchamp",5,
1451,"Chardin",5,
1454,"Saunier",5,
1456,"Vaugeois",5,
1457,"Pélissier",5,
1458,"Desmarais",5,
1461,"Bourguignon",5,
1462,"Berthelot",5,
1463,"Blanchet",5,
1464,"Dujardin",5,
1469,"Jacquier",5,
1470,"Féret",5,
1472,"Côté",5,
1473,"Boutroux",5,
1475,"Valluy",5,
1476,"Belyea",5,
1477,"Lefrançois",5,
1482,"Ponce",5,
1483,"Beauregard",5,
1486,"Allaire",5,
1487,"Boudier",5,
1488,"Brasseur",5,
1489,"Chagnon",5,
1491,"Bechard",5,
1492,"Bourdon",5,
1494,"Girardot",5,
1498,"Regnard",5,
1501,"Badeaux",5,
1502,"Coulomb",5,
1503,"Courbis",5,
1504,"Bourcier",5,
1506,"Dior",5,
1507,"Périer",5,
1509,"Grosjean",5,
1511,"Gallois",5,
1513,"Boudreaux",5,
1514,"Carboni",1,
1515,"Episcopo",1,
1516,"Chimento",1,
1517,"De Grande",1,
1518,"Lanese",1,
1519,"Troncone",1,
1520,"Chiumento",1,
1521,"Guarnera",1,
1522,"Carello",1,
1523,"Cerullo",1,
1524,"Achille",1,
1525,"Buccheri",1,
1526,"Calise",1,
1527,"Cresci",1,
1528,"Bolio",1,
1529,"Pacione",1,
1530,"Paone",1,
1531,"Cifelli",1,
1532,"Tarulli",1,
1533,"Piccirillo",1,
1534,"Ciccone",1,
1535,"Bellizzi",1,
1536,"Vadala",1,
1538,"Benvenuto",1,
1539,"Paci",1,
1540,"Medaglia",1,
1541,"Pacitti",1,
1542,"Perniciaro",1,
1543,"Pilla",1,
1544,"Germani",1,
1547,"Di Marzo",1,
1548,"Pullano",1,
1550,"Lentini",1,
1551,"Del Favero",1,
1552,"Draghi",1,
1553,"Mainini",1,
1554,"Bellone",1,
1555,"Lusco",1,
1556,"Tonti",1,
1557,"Carlozzi",1,
1558,"Curro",1,
1559,"Varrone",1,
1560,"Sapone",1,
1561,"Gamma",1,
1562,"Lonero",1,
1563,"Nesci",1,
1805,"Yelizarov",6,
1806,"Kuklin",6,
1807,"Yozhin",6,
1808,"Zhirenkov",6,
1809,"Dubinkin",6,
1810,"Rogozin",6,
1811,"Lagoshin",6,
1812,"Toropov",6,
1813,"Starodubov",6,
1814,"Sharshin",6,
1815,"Filenkov",6,
1816,"Roshchin",6,
1817,"Mukhin",6,
1818,"Portnov",6,
1819,"Osminin",6,
1820,"Cherkashin",6,
1821,"Rybakov",6,
1822,"Kollerov",6,
1823,"Biryukov",6,
1824,"Shursha",6,
1825,"Kasyanenko",6,
1826,"Shchavlev",6,
1827,"Tsimmerman",6,
1828,"Bok",6,
1829,"Pelyovin",6,
1830,"Engalychev",6,
1831,"Bolotnikov",6,
1832,"Fomichyov",6,
1833,"Khabalov",6,
1834,"Krayevsky",6,
1835,"Konnikov",6,
1836,"Lyovkin",6,
1837,"Savvatimov",6,
1838,"Azhikelyamov",6,
1839,"Chuchanov",6,
1840,"Ivashov",6,
1841,"Seryogin",6,
1842,"Belousov",6,
1843,"Suprunov",6,
1845,"Khanipov",6,
1846,"Solomonov",6,
1847,"Butusov",6,
1848,"Dubrovsky",6,
1849,"Tabakov",6,
1850,"Koshechkin",6,
1851,"Olkhovsky",6,
1852,"Karchagin",6,
1853,"Smeshnoy",6,
1854,"Zhzhyonov",6,
1855,"Mager",6,
1856,"Markov",6,
1857,"Yevstigneyev",6,
1858,"Barentsev",6,
1859,"Shchepkin",6,
1860,"Lomtev",6,
1861,"Glagolev",6,
1862,"Kharzin",6,
1863,"Ulyashin",6,
1864,"Koshkin",6,
1865,"Afanasyev",6,
1866,"Izhutin",6,
1867,"Brezhnev",6,
1868,"Medvedkov",6,
1869,"Perekhvatkin",6,
1870,"Ilkun",6,
1871,"Lisitsyn",6,
1872,"Chukchov",6,
1873,"Levkin",6,
1874,"Zykov",6,
1875,"Mikhalitsyn",6,
1876,"Sobakov",6,
1877,"Bespalov",6,
1878,"Greshnev",6,
1879,"Markin",6,
1880,"Tataurov",6,
1881,"Mosin",6,
1882,"Polovtsev",6,
1883,"Lachinov",6,
1884,"Fedin",6,
1885,"Legkodimov",6,
1886,"Bobr",6,
1887,"Filippov",6,
1888,"Lisov",6,
1889,"Polunin",6,
1890,"Vavilov",6,
1891,"Batishchev",6,
1892,"Ismaylov",6,
1893,"Tychkin",6,
1894,"Kozyrev",6,
1895,"Rafikov",6,
1896,"Dumanovsky",6,
1897,"Timoshenko",6,
1898,"Nikitin",6,
1900,"Zotov",6,
1901,"Zakrevsky",6,
1902,"Krutikov",6,
1903,"Rezansov",6,
1904,"Pishchalnikov",6,
1905,"Azhishchenkov",6,
1906,"Glazkov",6,
1907,"Tsarsko",6,
1908,"Yamskikh",6,
1909,"Kalganov",6,
1910,"Yumatov",6,
1911,"Bortnik",6,
1912,"Klimov",6,
1913,"Gorokhov",6,
1914,"Artemyev",6,
1915,"Zakharin",6,
1916,"Yerofeyev",6,
1917,"Kurakin",6,
1918,"Belorusov",6,
1919,"Koryavov",6,
1920,"Platonov",6,
1921,"Shepkin",6,
1922,"Yevtushenkov",6,
1923,"Vagin",6,
1924,"Shmakov",6,
1925,"Plemyannikov",6,
1927,"Kornev",6,
1928,"Siyanov",6,
1929,"Zverev",6,
1930,"Shurupov",6,
1931,"Yeleshev",6,
1932,"Yasneyev",6,
1933,"Beliberdiyev",6,
1934,"Bukov",6,
1935,"Kanadin",6,
1937,"Uglov",6,
1938,"Zefirov",6,
1939,"Sayankin",6,
1941,"Komzin",6,
1942,"Kondyurin",6,
1943,"Kachusov",6,
1944,"Voronov",6,
1945,"Ryabkin",6,
1946,"Pichugin",6,
1947,"Sidorov",6,
1949,"Putinov",6,
1950,"Yudashkin",6,
1952,"Somov",6,
1953,"Burov",6,
1954,"Tsyrinsky",6,
1955,"Blatov",6,
1956,"Guslyakov",6,
1957,"Katin",6,
1958,"Entin",6,
1959,"Yurenev",6,
1960,"Ilyin",6,
1961,"Nikolayev",6,
1962,"Slobozhanin",6,
1963,"Savinkov",6,
1964,"Buturovich",6,
1965,"Golovin",6,
1966,"Ryabtsev",6,
1967,"Belomestov",6,
1968,"Chigrakov",6,
1969,"Gorokhin",6,
1970,"Ryzhikov",6,
1971,"Safiyulin",6,
1973,"Marin",6,
1974,"Yunkin",6,
1976,"Zhivenkov",6,
1977,"Glebov",6,
1978,"Osinov",6,
1979,"Gorev",6,
1981,"Grinin",6,
1982,"Yerkulayev",6,
1983,"Lilov",6,
1984,"Pyzhalov",6,
1986,"Khrushchyov",6,
1987,"Dubinin",6,
1988,"Grushanin",6,
1990,"Ryakhin",6,
1991,"Maksudov",6,
1992,"Sechenov",6,
1993,"Dyatlov",6,
1994,"Podshivalov",6,
1995,"Tikhokhod",6,
1996,"Say",6,
1997,"Selidov",6,
1998,"Losevsky",6,
1999,"Vikashev",6,
2000,"Arefyev",6,
2002,"Zolin",6,
2003,"Chaykovsky",6,
2004,"Kiryanov",6,
2005,"Sokolov",6,
2007,"Ibragimov",6,
2008,"Salko",6,
2009,"Esmond",6,
2011,"Post",6,
2012,"Yushkov",6,
2013,"Abakumov",6,
2014,"Kortnev",6,
2015,"Solodskikh",6,
2016,"Shashlov",6,
2017,"Kovalevsky",6,
2019,"Statnik",6,
2021,"Minkin",6,
2022,"Baburin",6,
2023,"Yenotov",6,
2024,"Zheglov",6,
2027,"Tredyakovsky",6,
2028,"Avdonin",6,
2029,"Chernakov",6,
2030,"Bagrov",6,
2032,"Tabernakulov",6,
2034,"Sutulin",6,
2035,"Tsyzyrev",6,
2036,"Noskov",6,
2038,"Tsekhanovetsky",6,
2039,"Krayev",6,
2040,"Zhirov",6,
2041,"Naumov",6,
2042,"Baryshev",6,
2043,"Shikalov",6,
2044,"Shastin",6,
2045,"Ignatyev",6,
2046,"Sannikov",6,
2047,"Kulagin",6,
2048,"Shinsky",6,
2049,"Agapov",6,
2050,"Vetrov",6,
2051,"Khantsev",6,
2052,"Ivolgin",6,
2053,"Tankov",6,
2054,"Pervak",6,
2055,"Yukhantsev",6,
2056,"Uralets",6,
2057,"Zhutov",6,
2058,"Sarnychev",6,
2059,"Voronin",6,
2060,"Pechkin",6,
2061,"Krasnov",6,
2062,"Yemelyanov",6,
2063,"Shuvalov",6,
2065,"Tokmakov",6,
2066,"Lvov",6,
2067,"Kanadtsev",6,
2068,"Rudnikov",6,
2069,"Yankovsky",6,
2070,"Gruzdev",6,
2071,"Kuvayev",6,
2072,"Sharapov",6,
2073,"Selivanov",6,
2074,"Frantsev",6,
2075,"Sobolevsky",6,
2076,"Belevich",6,
2078,"Mokhov",6,
2079,"Tikhomirov",6,
2080,"Ruchkin",6,
2082,"Myagkov",6,
2083,"Kipriyanov",6,
2084,"Vitsin",6,
2085,"Korneyev",6,
2086,"Pozharsky",6,
2087,"Voloshin",6,
2088,"Sitnikov",6,
2089,"Perestoronin",6,
2090,"Shigin",6,
2092,"Cherkasov",6,
2093,"Mirnov",6,
2094,"Kochenkov",6,
2095,"Dementyev",6,
2096,"Golumbovsky",6,
2097,"Saprykin",6,
2098,"Pondyakov",6,
2099,"Turgenev",6,
2100,"Golovkin",6,
2102,"Zadornov",6,
2103,"Moiseyev",6,
2104,"Yakubovich",6,
2105,"Khalipov",6,
2106,"Yakovlev",6,
2107,"Shlykov",6,
2109,"Ilyukhin",6,
2110,"Merkulov",6,
2111,"Larin",6,
2112,"Shatalov",6,
2113,"Yanukovich",6,
2114,"Pronin",6,
2115,"Pechenikov",6,
2117,"Likhachyov",6,
2118,"Vyrypayev",6,
2119,"Vodoleyev",6,
2120,"Dvornikov",6,
2122,"Stepnov",6,
2123,"Yudachyov",6,
2124,"Ponikarov",6,
2125,"Kuklov",6,
2126,"Orlov",6,
2129,"Kutikov",6,
2130,"Kashnikov",6,
2133,"Sadykov",6,
2134,"Dykhovichny",6,
2135,"Chupalov",6,
2136,"Tikhvinsky",6,
2137,"Novokshonov",6,
2139,"Kruglov",6,
2140,"Tvardovsky",6,
2141,"Suchkov",6,
2142,"Tolstoy",6,
2143,"Zaytsev",6,
2144,"Shubin",6,
2146,"Khorkov",6,
2147,"Terekhov",6,
2148,"Andronikov",6,
2149,"Zhiglov",6,
2150,"Dubolazov",6,
2151,"Chazov",6,
2152,"Galiaskarov",6,
2153,"Ananyev",6,
2154,"Tryndin",6,
2155,"Ivanov",6,
2156,"Shchedrov",6,
2157,"Shirokov",6,
2158,"Korotkin",6,
2159,"Khabensky",6,
2160,"Mamonov",6,
2161,"Zimin",6,
2162,"Lukin",6,
2163,"Bulgakov",6,
2165,"Syanov",6,
2166,"Shchegolyayev",6,
2167,"Kudashov",6,
2168,"Agliullin",6,
2169,"Katayev",6,
2170,"Dyuzhenkov",6,
2172,"Essen",6,
2173,"Ostaltsev",6,
2175,"Chmykhov",6,
2176,"Ivchenko",6,
2177,"Filchenkov",6,
2178,"Antonov",6,
2179,"Pushkaryov",6,
2180,"Sigayev",6,
2182,"Zhigunov",6,
2183,"Inshov",6,
2184,"Panarin",6,
2185,"Emsky",6,
2187,"Knyazev",6,
2188,"Tupolev",6,
2189,"Aristarkhov",6,
2190,"Yumashev",6,
2191,"Krutov",6,
2192,"Sysoyev",6,
2193,"Zavyalov",6,
2194,"Yevseyev",6,
2195,"Pronichev",6,
2196,"Pashin",6,
2198,"Saytakhmetov",6,
2199,"Kozlov",6,
2200,"Bogomolov",6,
2201,"Zhvikov",6,
2202,"Khudyakov",6,
2204,"Dernov",6,
2205,"Mantorov",6,
2206,"Shabunin",6,
2207,"Parshin",6,
2208,"Kuznetsov",6,
2209,"Leskov",6,
2210,"Sabantsev",6,
2211,"Kovalyov",6,
2212,"Tatarinov",6,
2213,"Belikov",6,
2214,"Goncharov",6,
2216,"Shapiro",6,
2217,"Ponchikov",6,
2218,"Gavrilov",6,
2219,"Sabitov",6,
2221,"Remizov",6,
2224,"Aliyev",6,
2225,"Sagadeyev",6,
2226,"Chernobrovin",6,
2227,"Strelnikov",6,
2228,"Sobachkin",6,
2231,"Snegiryov",6,
2232,"Chapayev",6,
2235,"Marinkin",6,
2236,"Umsky",6,
2239,"Meledin",6,
2241,"Dostovalov",6,
2242,"Khamidullin",6,
2243,"Mikhalev",6,
2244,"Bezrukov",6,
2245,"Galerkin",6,
2248,"Dyomin",6,
2249,"Kursalin",6,
2250,"Tupitsyn",6,
2251,"Savasin",6,
2253,"Chebykin",6,
2254,"Kapylyushny",6,
2255,"Amelin",6,
2257,"Pshenichnikov",6,
2258,"Muravyov",6,
2260,"Chepurin",6,
2262,"Budnikov",6,
2263,"Runov",6,
2264,"Karzhov",6,
2265,"Kravchuk",6,
2268,"Suvorov",6,
2269,"Durov",6,
2271,"Eshman",6,
2274,"Beriya",6,
2277,"Kedrov",6,
2278,"Tipalov",6,
2279,"Malakhov",6,
2283,"Shcherbakov",6,
2284,"Timofeyev",6,
2285,"Ignatkovich",6,
2286,"Tyannikov",6,
2287,"Yenotin",6,
2288,"Lagutov",6,
2289,"Kabinov",6,
2290,"Shelagin",6,
2291,"Bogachyov",6,
2292,"Potyomkin",6,
2293,"Simonov",6,
2294,"Yeltsov",6,
2296,"Korenyov",6,
2297,"Ogurtsov",6,
2298,"Zimnyakov",6,
2299,"Yeryomin",6,
2300,"Lebedev",6,
2301,"Glukhov",6,
2302,"Pankiv",6,
2303,"Madulin",6,
2307,"Famusov",6,
2308,"Klimushin",6,
2309,"Manyakin",6,
2310,"Romanov",6,
2311,"Krasotkin",6,
2312,"Zhurov",6,
2313,"Obolensky",6,
2315,"Stegnov",6,
2317,"Tselikovsky",6,
2318,"Kopsov",6,
2319,"Suslyakov",6,
2320,"Snatkin",6,
2322,"Pudovkin",6,
2323,"Yashkin",6,
2324,"Churkin",6,
2326,"Ryabkov",6,
2327,"Pomelov",6,
2329,"Lyubov",6,
2330,"Kozakov",6,
2331,"Usov",6,
2333,"Bogolyubov",6,
2334,"Siyantsev",6,
2336,"Klepakk",6,
2337,"Senkin",6,
2338,"Belomestny",6,
2339,"Kalinin",6,
2340,"Uspensky",6,
2342,"Shvernik",6,
2343,"Astakhov",6,
2344,"Boldyrev",6,
2345,"Yerokhin",6,
2348,"Syukosev",6,
2349,"Budanov",6,
2352,"Anoshkin",6,
2353,"Vakhrushev",6,
2354,"Rumyantsev",6,
2355,"Ryndin",6,
2357,"Kharlamov",6,
2360,"Tarnovetsky",6,
2361,"Nekrasov",6,
2363,"Zavrazhin",6,
2364,"Dragomirov",6,
2365,"Yermolovo",6,
2366,"Pushnoy",6,
2367,"Zhernakov",6,
2370,"Lyzlov",6,
2371,"Osokin",6,
2372,"Rytin",6,
2374,"Putyatin",6,
2375,"Chesnokov",6,
2376,"Bunin",6,
2379,"Revyakin",6,
2380,"Simakin",6,
2381,"Fedoseyev",6,
2383,"Khmelnov",6,
2384,"Leshev",6,
2385,"Spanov",6,
2386,"Krupin",6,
2387,"Reznikov",6,
2390,"Samsonov",6,
2391,"Muratov",6,
2392,"Rybalkin",6,
2393,"Ulyanov",6,
2394,"Mitrofanov",6,
2395,"Golodyayev",6,
2396,"Goryunov",6,
2397,"Vorobyov",6,
2399,"Myshkin",6,
2400,"Beloglazov",6,
2401,"Dryagin",6,
2403,"Shurshalin",6,
2405,"Dolfi",1,
2406,"Marchionda",1,
2407,"Pizzitola",1,
2408,"Adriano",1,
2409,"Scime",1,
2410,"Bassani",1,
2411,"Baldassari",1,
2412,"Di Bona",1,
2413,"Tiso",1,
2415,"Bina",1,
2416,"Leombruno",1,
2417,"Aurigemma",1,
2418,"Caridi",1,
2419,"Don",1,
2420,"Dugo",1,
2421,"Iaccarino",1,
2422,"Marchione",1,
2423,"Ricciardi",1,
2424,"Orefice",1,
2425,"Magliozzi",1,
2426,"Zeoli",1,
2427,"Guagliardo",1,
2428,"Tosti",1,
2429,"Spedale",1,
2430,"Bagnoli",1,
2431,"Consigli",1,
2432,"Selvaggio",1,
2433,"Russo",1,
2434,"Cercone",1,
2435,"Bracco",1,
2436,"Corso",1,
2437,"Mattiello",1,
2438,"Derasmo",1,
2439,"Peduto",1,
2440,"Vaccarello",1,
2441,"Sileo",1,
2442,"Golini",1,
2445,"Amato",1,
2446,"Saggio",1,
2447,"Tarallo",1,
2448,"Verna",1,
2450,"Campanelli",1,
2452,"Coffaro",1,
2453,"Pascarelli",1,
2454,"Farina",1,
2456,"Ribaudo",1,
2457,"Vuolo",1,
2458,"Mastriano",1,
2459,"Casola",1,
2460,"Granelli",1,
2461,"De Fronzo",1,
2462,"Lariccia",1,
2463,"Manganaro",1,
2465,"Maturo",1,
2466,"Poletti",1,
2467,"Ercolano",1,
2468,"Valenti",1,
2469,"Tornatore",1,
2471,"Setaro",1,
2472,"Galanti",1,
2473,"Rosania",1,
2474,"Montello",1,
2476,"Geronimo",1,
2477,"Polsinelli",1,
2478,"Bisso",1,
2479,"Scarpaci",1,
2480,"Mendolia",1,
2481,"Bena",1,
2482,"Aurelio",1,
2483,"Salvini",1,
2484,"Salata",1,
2485,"Abate",1,
2487,"Saracco",1,
2488,"Cornelia",1,
2489,"Zampella",1,
2490,"Abruzzo",1,
2491,"Zella",1,
2492,"Aveni",1,
2493,"Cervi",1,
2494,"Bottiglieri",1,
2495,"Nuzzo",1,
2496,"Viele",1,
2497,"Lupoli",1,
2498,"Oddo",1,
2499,"Nespoli",1,
2500,"Signorile",1,
2501,"Forlini",1,
2502,"Azzarello",1,
2504,"Montagnino",1,
2506,"Frangione",1,
2507,"Querin",1,
2509,"Montella",1,
2510,"Tosto",1,
2512,"Sinacore",1,
2513,"Festa",1,
2514,"Morini",1,
2515,"Campanale",1,
2516,"Luchini",1,
2517,"Pardo",1,
2518,"Ardizzone",1,
2519,"Alvino",1,
2520,"Cirino",1,
2521,"Sardina",1,
2522,"Vigorito",1,
2523,"Di Mercurio",1,
2524,"Iosue",1,
2526,"Chirichella",1,
2527,"Cutillo",1,
2528,"Cosmo",1,
2529,"Masini",1,
2530,"Di Bartolomeo",1,
2532,"Ragno",1,
2534,"Bettini",1,
2535,"Nunziato",1,
2536,"Manza",1,
2537,"Ferraiolo",1,
2538,"Spatola",1,
2539,"Zino",1,
2541,"De Fabio",1,
2542,"Carro",1,
2543,"Centola",1,
2544,"Caro",1,
2545,"Magnan",1,
2547,"Mangiafico",1,
2548,"Castellucci",1,
2549,"Abbatiello",1,
2550,"Eramo",1,
2551,"Campitelli",1,
2552,"Dena",1,
2553,"Gizzi",1,
2555,"Munafo",1,
2556,"Lo Pilato",1,
2557,"Borruso",1,
2558,"Valeriano",1,
2559,"Anastasio",1,
2560,"Lauricella",1,
2561,"Aloisi",1,
2562,"Di Giorgio",1,
2563,"Mattaliano",1,
2564,"Del Re",1,
2565,"Leñero",2,
2566,"Angel Mínguez",2,
2568,"Rabellini",2,
2569,"Notario",2,
2570,"Ariza",2,
2571,"Cantero",2,
2572,"Miguel Fidalgo",2,
2573,"Jesus Sabaté",2,
2574,"Aisa",2,
2575,"Capitán",2,
2576,"Rabellino",2,
2577,"Riba",2,
2578,"Labrador",2,
2579,"Vergara",2,
2580,"Castillero",2,
2581,"Jiménez",2,
2582,"Pedrero",2,
2583,"Monedero",2,
2584,"Santolaria",2,
2585,"Balderas",2,
2587,"Benítez",2,
2589,"Mallén",2,
2590,"Fuster o Fusté",2,
2591,"Fonz",2,
2592,"Maria Anglés",2,
2593,"Monte",2,
2594,"Mesonero",2,
2595,"Vaca",2,
2596,"Carranza",2,
2597,"Llopis",2,
2598,"Sartori",2,
2599,"Moreno",2,
2601,"Ordóñez",2,
2602,"Biel",2,
2603,"Javier Valdueza",2,
2604,"Moliner",2,
2605,"Cardenal",2,
2606,"Herrero",2,
2607,"Carbonero",2,
2608,"Lagos",2,
2609,"Aragón",2,
2610,"Conejero",2,
2611,"Zamorano",2,
2612,"Tudela",2,
2613,"Álvarez",2,
2614,"Bermúdez",2,
2615,"Fernández",2,
2616,"Camarero",2,
2617,"Castejón",2,
2619,"Castañeda",2,
2620,"Abad",2,
2621,"Vaquero",2,
2622,"Herrera",2,
2624,"Alonso",2,
2625,"Cherro",2,
2626,"Hoyo",2,
2627,"Jose Villegas",2,
2628,"Piedrabuena",2,
2629,"Santander",2,
2630,"Jesus Vázquez",2,
2632,"Duque",2,
2633,"Zanhuesa",2,
2636,"Zaragoza",2,
2639,"Caballero",2,
2641,"Molinero",2,
2643,"Catalá",2,
2644,"Ferrandis",2,
2645,"Abarquero",2,
2646,"Bielsa",2,
2647,"Valverde",2,
2649,"Pérez",2,
2650,"Sacristán",2,
2652,"Carnicer",2,
2654,"Colina",2,
2658,"Carpintero Charpenti",2,
2661,"Angel Linares",2,
2662,"Valdovinos",2,
2663,"Ovejero",2,
2664,"Zapatero",2,
2667,"Rivera",2,
2668,"Padrón",2,
2669,"Francisco Padrón",2,
2670,"Sahagún",2,
2671,"Escudero",2,
2674,"López",2,
2676,"Villalba",2,
2678,"Villarreal",2,
2680,"Lago",2,
2681,"Ballester",2,
2682,"Albacete",2,
2683,"Pescador",2,
2685,"Saldaña",2,
2686,"Suárez",2,
2690,"Jose Laguna",2,
2692,"Luis Torrente",2,
2694,"Manuel Bacque",2,
2695,"Luis Soriano",2,
2697,"Yáñez",2,
2699,"Vázquez",2,
2700,"Valdueza",2,
2701,"Chistau",2,
2703,"Siurana",2,
2704,"de Herrera",2,
2706,"Toledano",2,
2707,"del Valle",2,
2708,"Halconero",2,
2709,"Ramos",2,
2710,"Tarragona",2,
2712,"Racionero",2,
2714,"Arroyo",2,
2715,"Batanero",2,
2718,"Catalán",2,
2720,"Nápoles",2,
2721,"Carpentier",2,
2723,"Orellana",2,
2724,"Ballesteros",2,
2725,"Ortiz",2,
2726,"Arriaga",2,
2727,"Peris",2,
2728,"Giménez",2,
2729,"Miguel Soriano",2,
2732,"Manuel Capitán",2,
2733,"Jose Cueva",2,
2735,"Contador",2,
2736,"Obrero",2,
2737,"Panadero",2,
2739,"Morata",2,
2740,"Sabater",2,
2743,"Pajarero",2,
2744,"Cubero",2,
2745,"Torres",2,
2750,"Soria",2,
2752,"Madrid",2,
2753,"Miguel Escribano",2,
2755,"Angel Riba",2,
2756,"Gallego",2,
2759,"España",2,
2760,"Alférez",2,
2761,"Rabadán",2,
2762,"Sevilla",2,
2766,"Angel Saldaña",2,
2767,"Borobia",2,
2768,"Corredor",2,
2769,"Carnicero",2,
2770,"Barbero",2,
2772,"Javier Molinero",2,
2773,"Villegas",2,
2775,"Cedillo",2,
2776,"Durán",2,
2777,"Cuéllar",2,
2778,"Soriano",2,
2780,"Guerrero",2,
2786,"Sambuesa",2,
2787,"Sangüesa",2,
2789,"Menéndez",2,
2792,"Salazar",2,
2795,"Jesus Orellana",2,
2798,"Pena",2,
2799,"Díez",2,
2801,"Gabasa",2,
2802,"Melero",2,
2807,"Ramírez",2,
2808,"Cueva",2,
2811,"Miguélez",2,
2813,"Carlos Criado",2,
2816,"Bescós",2,
2817,"Jurado",2,
2818,"Criado",2,
2825,"Sanhueza",2,
2826,"Cerecero",2,
2829,"Esparraguera",2,
2831,"Linares",2,
2832,"Díaz",2,
2834,"Acin",2,
2837,"Antonio Llopis",2,
2838,"Aragonés",2,
2844,"Antonio García",2,
2845,"Blázquez",2,
2853,"Biescas",2,
2855,"Vélez",2,
2856,"Valladares",2,
2857,"Ferrer",2,
2859,"Ayerbe",2,
2862,"Mínguez",2,
2863,"Ávila",2,
2866,"Morterero",2,
2868,"Anglés",2,
2869,"Javier Oñate",2,
2874,"Marqués",2,
2877,"Serrano",2,
2878,"Vargas",2,
2883,"Coronel",2,
2888,"Francisco Merino",2,
2889,"Coll",2,
2890,"Prado",2,
2892,"Jose Val",2,
2893,"Ferreiro",2,
2895,"Angel Abarquero",2,
2896,"Jesus Peralta",2,
2897,"Barceló",2,
2899,"Tejero",2,
2901,"Valderas",2,
2906,"Bolea",2,
2910,"Jesus Carnicer",2,
2914,"Miguel Bacque",2,
2915,"Carlos Valladares",2,
2916,"Merino",2,
2923,"Gómez",2,
2924,"Bailén",2,
2926,"Muñoz",2,
2930,"Miguel Cantero",2,
2933,"Ferrufino",2,
2937,"Fidalgo",2,
2942,"Maria Bailén",2,
2944,"Miguel Fernández",2,
2946,"Fraile",2,
2948,"Sabaté",2,
2956,"Jose López",2,
2958,"Avilés",2,
2959,"Briones",2,
2961,"Ravelino",2,
3075,"Hitzig",3,
3077,"Fährmann",3,
3078,"Ratzinger",3,
3080,"Funke",3,
3081,"Schubert",3,
3082,"Holz",3,
3083,"Friedemann",3,
3084,"Rühle",3,
3085,"Schierokauer",3,
3086,"Fleischman",3,
3087,"Taube",3,
3088,"Blatt",3,
3089,"Steinberger",3,
3090,"Spiess",3,
3091,"Leitgeb",3,
3092,"Wegscheider",3,
3093,"Sauerland",3,
3094,"Sundermann",3,
3095,"Horn",3,
3096,"Homburg",3,
3097,"Kraus",3,
3099,"Madelung",3,
3100,"Friedeberg",3,
3101,"Kirschenbaum",3,
3102,"Hauer",3,
3104,"Schoenauer",3,
3105,"Hauffe",3,
3106,"Corcilius",3,
3107,"Weideman",3,
3108,"Teller",3,
3109,"Schönherr",3,
3110,"Fichtner",3,
3113,"Hermann",3,
3114,"Höfle",3,
3115,"Wichterle",3,
3116,"Schellscheidt",3,
3117,"Schottenstein",3,
3118,"Scheuermann",3,
3119,"Francke",3,
3120,"Weigl",3,
3121,"Ackner",3,
3122,"Balmer",3,
3123,"Eibenschütz",3,
3124,"Gebhardt",3,
3125,"Spanner",3,
3126,"Destinn",3,
3127,"Höger",3,
3128,"Schmitt",3,
3129,"Van Houten",3,
3130,"Amsel",3,
3131,"Bäumler",3,
3132,"Carstens",3,
3133,"Seger",3,
3134,"Krakouer",3,
3137,"Rosin",3,
3138,"Loewe",3,
3139,"Steinhäuser",3,
3140,"Schmiedeberg",3,
3141,"Hauswald",3,
3142,"Metzinger",3,
3143,"Boeckmann",3,
3144,"Schindler",3,
3145,"Lexis",3,
3146,"Brugmann",3,
3147,"Lauer",3,
3148,"Niephaus",3,
3149,"Göring",3,
3150,"Riesch",3,
3151,"Dalman",3,
3152,"Schlick",3,
3153,"Hochberg",3,
3154,"Drossel",3,
3156,"Katz",3,
3157,"Waibel",3,
3158,"Springer",3,
3159,"Wieser",3,
3160,"Landauer",3,
3161,"Hattenberger",3,
3163,"Staebler",3,
3164,"Emmerich",3,
3166,"Thierse",3,
3167,"Gross",3,
3169,"Uebelhoer",3,
3170,"Preiss",3,
3171,"Dörflinger",3,
3172,"Morgentaler",3,
3173,"Ahrendt",3,
3174,"Hahn",3,
3175,"Strub",3,
3178,"Lischke",3,
3179,"Hackl",3,
3180,"Kant",3,
3181,"Schlamme",3,
3182,"Weinfeld",3,
3183,"Spindler",3,
3184,"Pruefer",3,
3185,"Cranz",3,
3186,"Bauer",3,
3187,"Scharff",3,
3188,"Hohenstein",3,
3189,"Schöner",3,
3191,"Kachel",3,
3194,"Göbel",3,
3195,"Lemmer",3,
3197,"Kaulen",3,
3201,"Habich",3,
3202,"Kirchweger",3,
3203,"Kissling",3,
3204,"Wissmann",3,
3205,"Conzelmann",3,
3206,"Kornfeld",3,
3207,"Lilienthal",3,
3208,"Nadelman",3,
3209,"Plesner",3,
3210,"Strobl",3,
3211,"Stahnke",3,
3212,"Kändler",3,
3213,"Laube",3,
3214,"Wieseltier",3,
3215,"Ducke",3,
3216,"Weidner",3,
3218,"Staudenmaier",3,
3219,"Kapp",3,
3220,"Bischof",3,
3221,"Bödeker",3,
3222,"Lux",3,
3223,"Steinsaltz",3,
3224,"Bormann",3,
3225,"Romberg",3,
3226,"Honigsman",3,
3227,"Wehausen",3,
3228,"Feilhaber",3,
3229,"Mayr",3,
3230,"Thielemann",3,
3231,"Rutter",3,
3232,"Lowenstam",3,
3233,"Harig",3,
3236,"Ungers",3,
3237,"Heinemann",3,
3238,"Kasper",3,
3239,"Ganser",3,
3240,"Lieber",3,
3242,"Fein",3,
3243,"Kling",3,
3244,"Haberlin",3,
3245,"Häberli",3,
3246,"Eichwald",3,
3248,"Hofmeister",3,
3249,"Marx",3,
3250,"Luxenberg",3,
3251,"Wertheim",3,
3252,"Gradl",3,
3253,"Manteuffel",3,
3254,"Fleischmann",3,
3255,"Ehrenfeld",3,
3256,"Hochheim",3,
3257,"Blücher",3,
3258,"Fischer",3,
3259,"Kaiser",3,
3260,"Wepper",3,
3262,"Braunbeck",3,
3263,"Tauscher",3,
3264,"Schwerin",3,
3265,"Paasche",3,
3266,"Rohmer",3,
3267,"Lemberger",3,
3268,"Hasselvander",3,
3270,"Hilbert",3,
3271,"Horstmann",3,
3273,"Lewisohn",3,
3274,"Mozart",3,
3275,"Drewes",3,
3276,"Heidrich",3,
3277,"Lang",3,
3278,"Hansch",3,
3279,"Haber",3,
3280,"Felder",3,
3281,"Hardt",3,
3282,"Semmelrogge",3,
3283,"Krantz",3,
3284,"Hofbauer",3,
3286,"Nottebohm",3,
3287,"Faas",3,
3288,"Eicke",3,
3289,"Hassler",3,
3290,"Josten",3,
3291,"Riedel",3,
3292,"Lichter",3,
3293,"Cossmann",3,
3294,"Gollwitzer",3,
3295,"Hoehmann",3,
3296,"Scheid",3,
3298,"Eichenwald",3,
3299,"Littauer",3,
3300,"Untermann",3,
3301,"Ueberroth",3,
3302,"Weintraub",3,
3303,"Kremers",3,
3304,"Wall",3,
3305,"Klemperer",3,
3306,"Hofstetter",3,
3307,"Hornbostel",3,
3308,"Wernz",3,
3309,"Theil",3,
3310,"Fürstenberg",3,
3311,"Schechter",3,
3313,"Scherzinger",3,
3314,"Traub",3,
3316,"Knacke",3,
3317,"Schreiner",3,
3318,"Theismann",3,
3319,"Waldmüller",3,
3320,"Weigle",3,
3322,"Mengele",3,
3324,"Grundmann",3,
3325,"Gray",4,
3326,"Taylor",4,
3330,"Owen",4,
3332,"Turner",4,
3333,"Perry",4,
3334,"Dixon",4,
3336,"Anderson",4,
3339,"Bates",4,
3340,"Rees",4,
3343,"Hill",4,
3345,"Kelly",4,
3348,"Morris",4,
3349,"Thomson",4,
3355,"Grant",4,
3356,"King",4,
3357,"Khan",4,
3358,"Pearson",4,
3360,"Russell",4,
3361,"Jenkins",4,
3363,"Murphy",4,
3366,"Thompson",4,
3368,"Johnston",4,
3373,"Morgan",4,
3375,"Sharp",4,
3385,"Hall",4,
3386,"Duncan",4,
3387,"Mccarthy",4,
3388,"Evans",4,
3389,"Cook",4,
3391,"Reynolds",4,
3395,"Kennedy",4,
3396,"Bradley",4,
3399,"Walker",4,
3403,"Wilson",4,
3406,"Lee",4,
3410,"Kaur",4,
3416,"Walsh",4,
3417,"Jordan",4,
3418,"Allen",4,
3423,"Watson",4,
3429,"Foster",4,
3435,"Austin",4,
3436,"Miller",4,
3442,"Matthews",4,
3444,"Ball",4,
3448,"Gibson",4,
3454,"White",4,
3457,"Davis",4,
3461,"Mills",4,
3463,"Holmes",4,
3466,"Houghton",4,
3473,"Simpson",4,
3476,"Fox",4,
3477,"Williams",4,
3478,"Fletcher",4,
3490,"Watts",4,
3503,"Black",4,
3509,"Byrne",4,
3511,"Cunningham",4,
3527,"Macdonald",4,
3528,"Knight",4,
3535,"Booth",4,
3540,"Phillips",4,
3551,"Harvey",4,
3553,"Wallace",4,
3559,"Gill",4,
3570,"Mason",4,
3572,"Campbell",4,
3573,"Hughes",4,
3577,"Barnes",4,
3584,"Davidson",4,
3595,"Ryan",4,
3597,"Ellis",4,
3605,"Vidal",5,
3606,"Chaufourier",5,
3609,"Rémy",5,
3611,"Arceneaux",5,
3614,"Dubuisson",5,
3615,"Compere",5,
3616,"Manoury",5,
3617,"Deloffre",5,
3621,"Garreau",5,
3622,"Frère",5,
3624,"Jégou",5,
3625,"Blanc",5,
3626,"Daucourt",5,
3630,"Schaeffer",5,
3632,"Leclair",5,
3634,"Pueyrredón",5,
3638,"Girault",5,
3640,"Ballesdens",5,
3641,"Corne",5,
3642,"Micheaux",5,
3643,"Vannier",5,
3644,"Neri",5,
3647,"Duchemin",5,
3648,"Seyrès",5,
3649,"Vaillancourt",5,
3653,"De Villepin",5,
3654,"Lebas",5,
3656,"Kaplan",5,
3658,"Cuvier",5,
3661,"Gouin",5,
3662,"Laframboise",5,
3663,"Delafose",5,
3665,"Reverdin",5,
3666,"Charbonneau",5,
3668,"Galopin",5,
3671,"Besson",5,
3673,"Asselin",5,
3676,"Astier",5,
3679,"Clair",5,
3680,"Cartier",5,
3681,"Pierrat",5,
3683,"Peltier",5,
3685,"Giraud",5,
3686,"Clérico",5,
3687,"Souchon",5,
3688,"Ouvrard",5,
3690,"Aliker",5,
3691,"Barbier",5,
3692,"Édouard",5,
3693,"Dupuy",5,
3694,"Maret",5,
3696,"Cahun",5,
3698,"Nee",5,
3703,"Blaise",5,
3704,"Camille",5,
3711,"Bourseiller",5,
3712,"Allais",5,
3713,"Bain",5,
3714,"Vernier",5,
3715,"Landry",5,
3716,"Duclos",5,
3718,"Durand",5,
3719,"Philidor",5,
3723,"Bertillon",5,
3724,"Vaganay",5,
3729,"Ménard",5,
3733,"Laurent",5,
3735,"Lahaye",5,
3736,"Boutin",5,
3738,"Brunet",5,
3739,"Lucroy",5,
3740,"Pascal",5,
3742,"Bettencourt",5,
3743,"Charpentier",5,
3747,"Bellegarde",5,
3748,"Dubois",5,
3749,"Chaucer",5,
3750,"Bozonnet",5,
3751,"Barbet",5,
3753,"Bourgeois",5,
3755,"Vandame",5,
3756,"Plessis",5,
3757,"Baugé",5,
3763,"Peletier",5,
3768,"Boffrand",5,
3770,"Auch",5,
3771,"Mallette",5,
3775,"Morel",5,
3784,"Grandis",5,
3786,"Leblanc",5,
3790,"Gueguen",5,
3791,"Lemoine",5,
3794,"Beauvau",5,
3795,"Joguet",5,
3797,"Bazalgette",5,
3799,"Vigouroux",5,
3803,"Dumont",5,
3805,"Cusanelli",1,
3806,"Lavigna",1,
3807,"Pasquale",1,
3808,"Parro",1,
3809,"La Falce",1,
3810,"Mistretta",1,
3811,"D'Antonio",1,
3812,"Schopenhauer",3,
3813,"Bennewitz",3,
3814,"Heilbronn",3,
3815,"Ammann",3,
3816,"Baumstein",3,
3817,"Schreck",3,
3818,"Schlechter",3,
3819,"Bronner",3,
3820,"Heim",3,
3821,"Mueller",3,
3822,"Abend",3,
3823,"Saft",3,
3824,"Aberbach",3,
3825,"Schutz",3,
3826,"Ribbentrop",3,
3827,"Herzsprung",3,
